case,kind,length_bytes,variant,repetition,execute_ms,instructions,log,log_sha256
keccak256-20-baseline,keccak256,20,baseline,1,11.659,189092,owner_state/diagnostics/20260911-full-restart/keccak256-20-baseline-01.txt,8824a287a45c941caf0c56fbc156f834b74cf81782c833685691fa1cf1093f38
keccak256-20-baseline,keccak256,20,baseline,2,12.322,189092,owner_state/diagnostics/20260911-full-restart/keccak256-20-baseline-02.txt,fb2baab0c560350082a6fcdbcfd82728c5b6f8a6b4e97f69c9563283ba383319
keccak256-20-baseline,keccak256,20,baseline,3,12.259,189092,owner_state/diagnostics/20260911-full-restart/keccak256-20-baseline-03.txt,be90f7db50ed4ded9cfa4e0bd044bda9eb065b7f9e3a0ec2d1150f7eed2cfbb9
keccak256-20-baseline,keccak256,20,baseline,4,11.585,189092,owner_state/diagnostics/20260911-full-restart/keccak256-20-baseline-04.txt,6e059faa0009849c3ee41a70e3fd30fd9a0f89be0c51b80b26f1dddb535633fd
keccak256-20-baseline,keccak256,20,baseline,5,11.63,189092,owner_state/diagnostics/20260911-full-restart/keccak256-20-baseline-05.txt,70f5763e7e02afcc910a94560a2cd04d005d74f0e4309b323aa7a9aa9626d8e3
keccak256-20-baseline,keccak256,20,baseline,6,11.461,189092,owner_state/diagnostics/20260911-full-restart/keccak256-20-baseline-06.txt,e28581a9510e73734922c18d7ec7837c5b000df6e3360fae9e395ab46e587d91
keccak256-20-baseline,keccak256,20,baseline,7,11.6,189092,owner_state/diagnostics/20260911-full-restart/keccak256-20-baseline-07.txt,55a86b13c70e75582d61ceef0746d21482ec317bf4d96cf806081b5c78f44f5a
keccak256-20-baseline,keccak256,20,baseline,8,11.359,189092,owner_state/diagnostics/20260911-full-restart/keccak256-20-baseline-08.txt,561095e6c2f8c957973135a35a756ebb087b979889513850295677d15f5322bf
keccak256-20-cse_dce,keccak256,20,cse_dce,1,11.636,182682,owner_state/diagnostics/20260911-full-restart/keccak256-20-cse_dce-01.txt,ca06faeb7bcb7d22b15a1f1a32a273e25bd66bcffb653763afe0293690b72599
keccak256-20-cse_dce,keccak256,20,cse_dce,2,12.018,182682,owner_state/diagnostics/20260911-full-restart/keccak256-20-cse_dce-02.txt,0d70b694a184e7c61ede218dd424c33a2ff8ca0be7ad408b6c88ea941a6ed273
keccak256-20-cse_dce,keccak256,20,cse_dce,3,12.05,182682,owner_state/diagnostics/20260911-full-restart/keccak256-20-cse_dce-03.txt,f96c24e6cb5e9bde8e9ce0cdc2d9d7227cc00830b5ee9e3c31138d4677d75c1f
keccak256-20-cse_dce,keccak256,20,cse_dce,4,11.487,182682,owner_state/diagnostics/20260911-full-restart/keccak256-20-cse_dce-04.txt,ddc9f64990e03435839ffa0a46a72f10975f8aa36f37b2c526482652c262346f
keccak256-20-cse_dce,keccak256,20,cse_dce,5,11.341,182682,owner_state/diagnostics/20260911-full-restart/keccak256-20-cse_dce-05.txt,a81d9d7a9d99dceea6489568b3acd5ab8b6bf589bd2c414b6ee3b15159dcbd18
keccak256-20-cse_dce,keccak256,20,cse_dce,6,11.322,182682,owner_state/diagnostics/20260911-full-restart/keccak256-20-cse_dce-06.txt,b4cccc5bc157d8cab23f89ca36db89b5769500739f7da1c3ca5eb213c7c48593
keccak256-20-cse_dce,keccak256,20,cse_dce,7,11.511,182682,owner_state/diagnostics/20260911-full-restart/keccak256-20-cse_dce-07.txt,396a74c26a5a94143a687b64e6a22de0df4ba4ee6b9d0e0e14d08518147a171a
keccak256-20-cse_dce,keccak256,20,cse_dce,8,11.461,182682,owner_state/diagnostics/20260911-full-restart/keccak256-20-cse_dce-08.txt,5b320001c8818ee38d431c34e773a9a95333b86257add7bfbc85daf0aca48917
keccak256-32-baseline,keccak256,32,baseline,1,11.35,190240,owner_state/diagnostics/20260911-full-restart/keccak256-32-baseline-01.txt,6376717e653c6523854be859dc6e00a3ea226e9376895298592dca7f28f42b6b
keccak256-32-baseline,keccak256,32,baseline,2,11.513,190240,owner_state/diagnostics/20260911-full-restart/keccak256-32-baseline-02.txt,d1c63bdc51f6f338c5b5d802329bd7c80dc8921d18c64395b0ea185b8cf9db28
keccak256-32-baseline,keccak256,32,baseline,3,12.385,190240,owner_state/diagnostics/20260911-full-restart/keccak256-32-baseline-03.txt,8cebefe126e7ed0bd98343b2eb8375bb89471c1ea7329636855b06bc20237350
keccak256-32-baseline,keccak256,32,baseline,4,11.526,190240,owner_state/diagnostics/20260911-full-restart/keccak256-32-baseline-04.txt,0b9da6edc85e0d8c1a3967ec771977bd11f172cb7b7efa957c8c1a726a107fca
keccak256-32-baseline,keccak256,32,baseline,5,11.569,190240,owner_state/diagnostics/20260911-full-restart/keccak256-32-baseline-05.txt,066e3a3ebda43a03b269c95dab805b09670cd446a6dc9bb64fb9793e29fcada2
keccak256-32-baseline,keccak256,32,baseline,6,11.596,190240,owner_state/diagnostics/20260911-full-restart/keccak256-32-baseline-06.txt,5a8273dc8adfc0d4f3ea8b915dc4691a34539754a539bf3440e3f9be04c28bf7
keccak256-32-baseline,keccak256,32,baseline,7,11.481,190240,owner_state/diagnostics/20260911-full-restart/keccak256-32-baseline-07.txt,46c78da7b5e45788d063ecd7f535fe83ad62e2ca49c0aced79f1ecd445f5cee7
keccak256-32-baseline,keccak256,32,baseline,8,11.733,190240,owner_state/diagnostics/20260911-full-restart/keccak256-32-baseline-08.txt,a684933787023ec01aa75ab548b72cdbb3ee3bde4499a4891c171cbc5bbf6264
keccak256-32-cse_dce,keccak256,32,cse_dce,1,11.431,183899,owner_state/diagnostics/20260911-full-restart/keccak256-32-cse_dce-01.txt,f82f18265c2d2c81a2c3fc6eb92d4c4803994b1b0fc9cbe25c6688e20ce67d92
keccak256-32-cse_dce,keccak256,32,cse_dce,2,11.243,183899,owner_state/diagnostics/20260911-full-restart/keccak256-32-cse_dce-02.txt,3ac3d4289320b3c1266748e629c1a7fe9aeedca6fc22187e880acd8d592002c8
keccak256-32-cse_dce,keccak256,32,cse_dce,3,11.953,183899,owner_state/diagnostics/20260911-full-restart/keccak256-32-cse_dce-03.txt,bc0a97ce53826ac8225ac1b83280522998e9ac814003debdf0fba6902dc293ba
keccak256-32-cse_dce,keccak256,32,cse_dce,4,11.314,183899,owner_state/diagnostics/20260911-full-restart/keccak256-32-cse_dce-04.txt,82d71eff9cbaa31ea9476e0dbcc0409b552db6e7bf0e56c97efcee9b82e4ef88
keccak256-32-cse_dce,keccak256,32,cse_dce,5,11.466,183899,owner_state/diagnostics/20260911-full-restart/keccak256-32-cse_dce-05.txt,52435bf4c2b25576277905ae4a3f35bc700aa7189c1b3d1931cb5d43499b6123
keccak256-32-cse_dce,keccak256,32,cse_dce,6,11.545,183899,owner_state/diagnostics/20260911-full-restart/keccak256-32-cse_dce-06.txt,fa52cc14bda665cd3529e012837af2b72a82ccba7fdc8dedc9482e0d7a7540ac
keccak256-32-cse_dce,keccak256,32,cse_dce,7,11.559,183899,owner_state/diagnostics/20260911-full-restart/keccak256-32-cse_dce-07.txt,07e3a2796cee185c4eb1e6914e448612a02fc340058a4703a6566884bf5e5c85
keccak256-32-cse_dce,keccak256,32,cse_dce,8,11.495,183899,owner_state/diagnostics/20260911-full-restart/keccak256-32-cse_dce-08.txt,b448045e2fc909acf352de18c020a10af9fde5fc39e8a639bcb959c1e7cf04a3
keccak256-52-baseline,keccak256,52,baseline,1,11.394,190783,owner_state/diagnostics/20260911-full-restart/keccak256-52-baseline-01.txt,c75654b551355643912490769f45ec17f75aa92dfae63df4fa565315bbb0087a
keccak256-52-baseline,keccak256,52,baseline,2,11.409,190783,owner_state/diagnostics/20260911-full-restart/keccak256-52-baseline-02.txt,afa0649ebf97c8a0005239250f432406663b49aae017abfa06a674d7481d26da
keccak256-52-baseline,keccak256,52,baseline,3,12.38,190783,owner_state/diagnostics/20260911-full-restart/keccak256-52-baseline-03.txt,c96a41e9286a27cd26847cd7fd836d8febe4924b940ce464a6a0404d4c75906e
keccak256-52-baseline,keccak256,52,baseline,4,11.684,190783,owner_state/diagnostics/20260911-full-restart/keccak256-52-baseline-04.txt,656af668f057bbca7b2989ef1baae4a0fce5e341679313faef90e0ba735db1bc
keccak256-52-baseline,keccak256,52,baseline,5,11.836,190783,owner_state/diagnostics/20260911-full-restart/keccak256-52-baseline-05.txt,8c181d1b14ef9398a7a2de6de381ef8fb830821835ed72a621e06d5150cd5b7f
keccak256-52-baseline,keccak256,52,baseline,6,11.79,190783,owner_state/diagnostics/20260911-full-restart/keccak256-52-baseline-06.txt,329610b7506a0cf1885dc6d320c518bf13b5029e68c2f3576d0d08ff9a99700f
keccak256-52-baseline,keccak256,52,baseline,7,11.725,190783,owner_state/diagnostics/20260911-full-restart/keccak256-52-baseline-07.txt,2e0d8274e6f16e03e6e1b49e60169661c82171e7d89f0a78813e69ab4a8704e3
keccak256-52-baseline,keccak256,52,baseline,8,11.525,190783,owner_state/diagnostics/20260911-full-restart/keccak256-52-baseline-08.txt,d2a7e102908c71943797131f6ea4f633d1a95c4e6e7928704c8e287be597e00e
keccak256-52-cse_dce,keccak256,52,cse_dce,1,11.461,184605,owner_state/diagnostics/20260911-full-restart/keccak256-52-cse_dce-01.txt,b21e868810f1141b6b7504ad877d8ef9ca2e6ba3a1fbefb7f71e1b772b832e2b
keccak256-52-cse_dce,keccak256,52,cse_dce,2,11.237,184605,owner_state/diagnostics/20260911-full-restart/keccak256-52-cse_dce-02.txt,8a2abd24b558c60243043276f295c1deb567acc8b9bcd02c582be25196508272
keccak256-52-cse_dce,keccak256,52,cse_dce,3,12.056,184605,owner_state/diagnostics/20260911-full-restart/keccak256-52-cse_dce-03.txt,43f950df8330d4cf5d44e8a66c62cb888d76c05d82f5ea4c58506398985e502a
keccak256-52-cse_dce,keccak256,52,cse_dce,4,11.348,184605,owner_state/diagnostics/20260911-full-restart/keccak256-52-cse_dce-04.txt,59866c0824ecbe56cc37712de533928af9157d722d8f1772ef2ac5f3d94db877
keccak256-52-cse_dce,keccak256,52,cse_dce,5,11.397,184605,owner_state/diagnostics/20260911-full-restart/keccak256-52-cse_dce-05.txt,b7fc5017ba17020ec7bb6f8026fb9d53716d8e44840c6fcd5df50368ce08fa55
keccak256-52-cse_dce,keccak256,52,cse_dce,6,11.597,184605,owner_state/diagnostics/20260911-full-restart/keccak256-52-cse_dce-06.txt,3199f3589db3d1343231a1f8fc3c8c5805f5aa1198282b1c61bef3d70b44ecac
keccak256-52-cse_dce,keccak256,52,cse_dce,7,11.593,184605,owner_state/diagnostics/20260911-full-restart/keccak256-52-cse_dce-07.txt,6f4475296d931b86a410a3cb938369fc539c4353862b36b1a052823a495e39a5
keccak256-52-cse_dce,keccak256,52,cse_dce,8,11.385,184605,owner_state/diagnostics/20260911-full-restart/keccak256-52-cse_dce-08.txt,7e2655074b2dfae6cc98dab1c043e71e9495b9fd5bfbf218fd2694de72ad60c1
keccak256-56-baseline,keccak256,56,baseline,1,11.619,190879,owner_state/diagnostics/20260911-full-restart/keccak256-56-baseline-01.txt,f3b80840a4ff665746d1a404e9358ff419155402de0d60fd228fb824f53952c2
keccak256-56-baseline,keccak256,56,baseline,2,11.429,190879,owner_state/diagnostics/20260911-full-restart/keccak256-56-baseline-02.txt,30129a3b13e9a3fb2dfa751727b90d3e4316a83e5224d36868a1daad5e0ff647
keccak256-56-baseline,keccak256,56,baseline,3,11.629,190879,owner_state/diagnostics/20260911-full-restart/keccak256-56-baseline-03.txt,73eaee0183c299d825993806f51a84d8cd249e4e933c636e44e5cbd059f8052c
keccak256-56-baseline,keccak256,56,baseline,4,11.547,190879,owner_state/diagnostics/20260911-full-restart/keccak256-56-baseline-04.txt,4bf61460818ead05f0797885a25419bbf7469fb735d9e6baa7b7cc7c58de17b1
keccak256-56-baseline,keccak256,56,baseline,5,11.458,190879,owner_state/diagnostics/20260911-full-restart/keccak256-56-baseline-05.txt,2ebafe5c690161b80b68229cb4df13014abdf83c3b6a109f682fd13a7b7705f3
keccak256-56-baseline,keccak256,56,baseline,6,11.825,190879,owner_state/diagnostics/20260911-full-restart/keccak256-56-baseline-06.txt,40ba31e5edf55cad25f14b7f5efba2791a18517e9dab235ab9f6e98578881edc
keccak256-56-baseline,keccak256,56,baseline,7,11.496,190879,owner_state/diagnostics/20260911-full-restart/keccak256-56-baseline-07.txt,2b0325b40bbafdbf7da13889747ea59f2e0add83def689f24bc704809e285bc2
keccak256-56-baseline,keccak256,56,baseline,8,11.773,190879,owner_state/diagnostics/20260911-full-restart/keccak256-56-baseline-08.txt,5fcc9ce2f212a91ad78239beda14b9be9965a1620edbf4b030e30f677133bd5d
keccak256-56-cse_dce,keccak256,56,cse_dce,1,11.392,184733,owner_state/diagnostics/20260911-full-restart/keccak256-56-cse_dce-01.txt,9173557bd74e136f3b103a6e3370ed0f903c650ecba6fd4852469e329e4f8673
keccak256-56-cse_dce,keccak256,56,cse_dce,2,11.434,184733,owner_state/diagnostics/20260911-full-restart/keccak256-56-cse_dce-02.txt,274c66c8982738d2631799e5645834f06e37c1034f19ed9a7c089a358018b78e
keccak256-56-cse_dce,keccak256,56,cse_dce,3,11.53,184733,owner_state/diagnostics/20260911-full-restart/keccak256-56-cse_dce-03.txt,55046391fa95ed90c7ca4918ba973751ef7ee2e8cb3ccbabe19365646e8baf82
keccak256-56-cse_dce,keccak256,56,cse_dce,4,11.724,184733,owner_state/diagnostics/20260911-full-restart/keccak256-56-cse_dce-04.txt,3141a1c3fa3b062a9807b6721823c17c5eb91eb433669139bd389ada4c74a795
keccak256-56-cse_dce,keccak256,56,cse_dce,5,11.511,184733,owner_state/diagnostics/20260911-full-restart/keccak256-56-cse_dce-05.txt,97337a97d5e9b5bcaa2e87cb8c6e204bffa092f79fede0c9f934a152698e4ded
keccak256-56-cse_dce,keccak256,56,cse_dce,6,11.719,184733,owner_state/diagnostics/20260911-full-restart/keccak256-56-cse_dce-06.txt,72e932c8e8d5eda2fb9bab73e91152ce1111bc3287de01bb1a71c5fcde9f541f
keccak256-56-cse_dce,keccak256,56,cse_dce,7,11.566,184733,owner_state/diagnostics/20260911-full-restart/keccak256-56-cse_dce-07.txt,e61ddceaee91eca08589fc630e6ef5f4ef153dd689ce28e53d337c327695a52b
keccak256-56-cse_dce,keccak256,56,cse_dce,8,11.783,184733,owner_state/diagnostics/20260911-full-restart/keccak256-56-cse_dce-08.txt,0ce813983f56bd4eb1e1f38b8331bdb98919cddd9bc388407592e6ae4c874462
keccak256-83-baseline,keccak256,83,baseline,1,11.83,191527,owner_state/diagnostics/20260911-full-restart/keccak256-83-baseline-01.txt,ed4637d91ef72783f980b56be923d41b82a1b85a0a5dafd52ce0ffe6a649a665
keccak256-83-baseline,keccak256,83,baseline,2,11.592,191527,owner_state/diagnostics/20260911-full-restart/keccak256-83-baseline-02.txt,7a79e08bc7cb966b73ba503c95794f2bbc17c8d5946b458e26ecf2e218a905a5
keccak256-83-baseline,keccak256,83,baseline,3,11.755,191527,owner_state/diagnostics/20260911-full-restart/keccak256-83-baseline-03.txt,3338089d9a73b4e3813c6edd195c542fa8a79d29a5bdd25213b7c530e4486267
keccak256-83-baseline,keccak256,83,baseline,4,12.212,191527,owner_state/diagnostics/20260911-full-restart/keccak256-83-baseline-04.txt,2d0ea6019b05a653661122a43401e1fb0998fd8cc5e6fd07865ee1ad51a2dc68
keccak256-83-baseline,keccak256,83,baseline,5,11.445,191527,owner_state/diagnostics/20260911-full-restart/keccak256-83-baseline-05.txt,7507255d98359b8cafb8cf65b5ff3e7c6ba7972a77c6b58831c3fcdfa9974ed9
keccak256-83-baseline,keccak256,83,baseline,6,11.731,191527,owner_state/diagnostics/20260911-full-restart/keccak256-83-baseline-06.txt,c02e1725b2defe262b2f14b659998b5ed3f3bc47b8e9e15abaf3902b745300b3
keccak256-83-baseline,keccak256,83,baseline,7,11.577,191527,owner_state/diagnostics/20260911-full-restart/keccak256-83-baseline-07.txt,43e77ee7c786996ef00d321a28341b52c54f7023e4438aaba0a81f30d3b7f8d9
keccak256-83-baseline,keccak256,83,baseline,8,11.824,191527,owner_state/diagnostics/20260911-full-restart/keccak256-83-baseline-08.txt,aa05b5213ceffb11adc77bb536b776e5a06e7235b25409718a91d92d2ae0c0a9
keccak256-83-cse_dce,keccak256,83,cse_dce,1,11.609,185597,owner_state/diagnostics/20260911-full-restart/keccak256-83-cse_dce-01.txt,a3e5c0a7fbf2a40d8973551e4a8f3e7bbc2d9916084ed40d2d1c5f5528ce3656
keccak256-83-cse_dce,keccak256,83,cse_dce,2,11.436,185597,owner_state/diagnostics/20260911-full-restart/keccak256-83-cse_dce-02.txt,f36578eefae6e360afeff4334adcaf1b95ce50f7259f322d50d4800a7662b4f1
keccak256-83-cse_dce,keccak256,83,cse_dce,3,11.967,185597,owner_state/diagnostics/20260911-full-restart/keccak256-83-cse_dce-03.txt,494e01458e1831c5ff18502adf1291213f178e24e467f15efb7f6ddb61507889
keccak256-83-cse_dce,keccak256,83,cse_dce,4,12.088,185597,owner_state/diagnostics/20260911-full-restart/keccak256-83-cse_dce-04.txt,b2864e3b3b93951643a90d9e75a745dcbf86820cf4f6e75b37303841ac287257
keccak256-83-cse_dce,keccak256,83,cse_dce,5,11.382,185597,owner_state/diagnostics/20260911-full-restart/keccak256-83-cse_dce-05.txt,17a72b25646154e27ef23ba10dc3dabd8fabbf79040fde36660ec056bdc579b9
keccak256-83-cse_dce,keccak256,83,cse_dce,6,11.398,185597,owner_state/diagnostics/20260911-full-restart/keccak256-83-cse_dce-06.txt,7211d73dd9e5d793bc7993d1b381cf71ea28f3c78c371aa357ae1ce57500c8cf
keccak256-83-cse_dce,keccak256,83,cse_dce,7,11.492,185597,owner_state/diagnostics/20260911-full-restart/keccak256-83-cse_dce-07.txt,f771d5ed478a3ece3771092ff9f7cbcce6efe5c4f20a96f0603a3dbfacad5095
keccak256-83-cse_dce,keccak256,83,cse_dce,8,11.33,185597,owner_state/diagnostics/20260911-full-restart/keccak256-83-cse_dce-08.txt,3eae48947cc79d89c6f874ea2f678312a5a9fa9eba605fb1093fcf22137777da
keccak256-103-baseline,keccak256,103,baseline,1,11.64,192007,owner_state/diagnostics/20260911-full-restart/keccak256-103-baseline-01.txt,6bf24628a94b8019a220366e7925a38b4a166cd91adea8f556ce401f74455987
keccak256-103-baseline,keccak256,103,baseline,2,12.081,192007,owner_state/diagnostics/20260911-full-restart/keccak256-103-baseline-02.txt,5f7788472bbfeb5e8c1920860b3cef4c54704e9ee4190d9b46800fd8b9a92a42
keccak256-103-baseline,keccak256,103,baseline,3,12.294,192007,owner_state/diagnostics/20260911-full-restart/keccak256-103-baseline-03.txt,8ee98c51d11bb277638660139cf1206006a6a0652e17d982f226b5e0af364f2d
keccak256-103-baseline,keccak256,103,baseline,4,11.636,192007,owner_state/diagnostics/20260911-full-restart/keccak256-103-baseline-04.txt,55447cb1d9da322379191cb15c5f2c93a3f6ff58d6e8752ce387c37b5b80044e
keccak256-103-baseline,keccak256,103,baseline,5,11.779,192007,owner_state/diagnostics/20260911-full-restart/keccak256-103-baseline-05.txt,7d0a5b1b7f1465bd36ee86b47e306cb3c2707642e0d9250baefdf69710912723
keccak256-103-baseline,keccak256,103,baseline,6,11.669,192007,owner_state/diagnostics/20260911-full-restart/keccak256-103-baseline-06.txt,da7fbaa6adef3c58b9f9fc29e69cc6ae9c1c939c6645a3872a352dc2acba8336
keccak256-103-baseline,keccak256,103,baseline,7,11.543,192007,owner_state/diagnostics/20260911-full-restart/keccak256-103-baseline-07.txt,ae423476229312a85e9110adfd2e6f381779a04a37427dbfd09c7f51d0076ab8
keccak256-103-baseline,keccak256,103,baseline,8,11.59,192007,owner_state/diagnostics/20260911-full-restart/keccak256-103-baseline-08.txt,ed9e1a915a7abf0d47825f828e6bcc32218aeaec58d8b3e33c59d2a76b5468dc
keccak256-103-cse_dce,keccak256,103,cse_dce,1,11.422,186237,owner_state/diagnostics/20260911-full-restart/keccak256-103-cse_dce-01.txt,2aadda9b975534dd7d4a9181131728d94157daf15232e806a48b722e5e52bce5
keccak256-103-cse_dce,keccak256,103,cse_dce,2,12.038,186237,owner_state/diagnostics/20260911-full-restart/keccak256-103-cse_dce-02.txt,974a35ee15832a2c3a0cab3a24313c4210e92add15a60623f8e5c7f808451e71
keccak256-103-cse_dce,keccak256,103,cse_dce,3,12.284,186237,owner_state/diagnostics/20260911-full-restart/keccak256-103-cse_dce-03.txt,ee64ab29f93b91cc6175ab412f83ec4486238aef83b9e9c27ab59cd8be0504f7
keccak256-103-cse_dce,keccak256,103,cse_dce,4,11.482,186237,owner_state/diagnostics/20260911-full-restart/keccak256-103-cse_dce-04.txt,3b2970e10d93eb18834833cb753eed562977a6d2a01e145c984404e4db34fea6
keccak256-103-cse_dce,keccak256,103,cse_dce,5,11.374,186237,owner_state/diagnostics/20260911-full-restart/keccak256-103-cse_dce-05.txt,5ae2b4e29150f0109bee5b7d97c3fe288b1de5a11fc44e1c9673a963fc44ced5
keccak256-103-cse_dce,keccak256,103,cse_dce,6,11.594,186237,owner_state/diagnostics/20260911-full-restart/keccak256-103-cse_dce-06.txt,960a69e266dada649e3f8d54874b1681a8207a4c48c18be8a203a28fd9bb2d63
keccak256-103-cse_dce,keccak256,103,cse_dce,7,11.586,186237,owner_state/diagnostics/20260911-full-restart/keccak256-103-cse_dce-07.txt,1c8d869c577304cfd02e7c288dfc55d17847f986b28171953de0eb5360f99b7b
keccak256-103-cse_dce,keccak256,103,cse_dce,8,11.653,186237,owner_state/diagnostics/20260911-full-restart/keccak256-103-cse_dce-08.txt,848e7206d9a85bfc2a58107dd110944bd8ca4702ea4af57be4eb50cf247696b5
keccak256-106-baseline,keccak256,106,baseline,1,11.925,192079,owner_state/diagnostics/20260911-full-restart/keccak256-106-baseline-01.txt,41e268a1ad48417177735444ff9e6bf2d483621832ab892f93eec47ff845f4f9
keccak256-106-baseline,keccak256,106,baseline,2,12.349,192079,owner_state/diagnostics/20260911-full-restart/keccak256-106-baseline-02.txt,5afbdbe48716a5b14c268013656024780452125cc6a92e7e43f9098f849c89a2
keccak256-106-baseline,keccak256,106,baseline,3,12.599,192079,owner_state/diagnostics/20260911-full-restart/keccak256-106-baseline-03.txt,e29cd6576f3fda210b0ee8b7a353012a6ff85f74b653a54d5f6192dc842bd12c
keccak256-106-baseline,keccak256,106,baseline,4,11.616,192079,owner_state/diagnostics/20260911-full-restart/keccak256-106-baseline-04.txt,0d77fad69d4e9234dc39a6357c14541919245f540058fb3cf4fa214ca7300973
keccak256-106-baseline,keccak256,106,baseline,5,11.721,192079,owner_state/diagnostics/20260911-full-restart/keccak256-106-baseline-05.txt,9bede9ac3bb50fc7c8252e07562cd8cd11c30250300a6f5c3c9231285c7c75fd
keccak256-106-baseline,keccak256,106,baseline,6,11.718,192079,owner_state/diagnostics/20260911-full-restart/keccak256-106-baseline-06.txt,e3de7139c67d6c82fd4ee1d2eb9480f798ee315cffd23fecd56b255b384024fc
keccak256-106-baseline,keccak256,106,baseline,7,11.808,192079,owner_state/diagnostics/20260911-full-restart/keccak256-106-baseline-07.txt,5071dff5e31df6c966e387ea29a089db37d40e6fccb2f8fe3a282720735d2a2c
keccak256-106-baseline,keccak256,106,baseline,8,11.722,192079,owner_state/diagnostics/20260911-full-restart/keccak256-106-baseline-08.txt,a50ca19e267bb973ba9a9d4e6eedacc78fac8f461cbbc24725aa9c0deaaa35ef
keccak256-106-cse_dce,keccak256,106,cse_dce,1,11.697,186333,owner_state/diagnostics/20260911-full-restart/keccak256-106-cse_dce-01.txt,4dc03f13c613ef95982b15c822f6a7b40ceea38cd4f733b3f3c25712404076ee
keccak256-106-cse_dce,keccak256,106,cse_dce,2,12.309,186333,owner_state/diagnostics/20260911-full-restart/keccak256-106-cse_dce-02.txt,d2526c06dc465309bb92b0d3e3fcbc489ee0d3b598dca9da932f8e4418bb90d3
keccak256-106-cse_dce,keccak256,106,cse_dce,3,12.282,186333,owner_state/diagnostics/20260911-full-restart/keccak256-106-cse_dce-03.txt,b806eb8a2e5fff8fa2161e127804a49dca4dccaf0ebde725f3a450c5f82855f1
keccak256-106-cse_dce,keccak256,106,cse_dce,4,11.435,186333,owner_state/diagnostics/20260911-full-restart/keccak256-106-cse_dce-04.txt,c7a7a704a7f07785197f6be3ccce3b7f5f2c3c1b1a2b0d77c2206431e3dd922c
keccak256-106-cse_dce,keccak256,106,cse_dce,5,11.413,186333,owner_state/diagnostics/20260911-full-restart/keccak256-106-cse_dce-05.txt,d38c091002d9bab0182ffa0f398a8c73e202c3a2c1b4232b823c8ccc63982cd7
keccak256-106-cse_dce,keccak256,106,cse_dce,6,11.43,186333,owner_state/diagnostics/20260911-full-restart/keccak256-106-cse_dce-06.txt,8fff9d7b1fe531d9c8c7e023790480d95f7ebe77295ce13b73f53ce7c9dce060
keccak256-106-cse_dce,keccak256,106,cse_dce,7,11.653,186333,owner_state/diagnostics/20260911-full-restart/keccak256-106-cse_dce-07.txt,355e8391d0a744136ef87adc0ce1d23eedc61168ff6a7f8bed298a310b35e04f
keccak256-106-cse_dce,keccak256,106,cse_dce,8,11.403,186333,owner_state/diagnostics/20260911-full-restart/keccak256-106-cse_dce-08.txt,531a7e3f75a6eada7f38268db6137c24d6da84a674682a732d4249db8349659d
keccak256-276-baseline,keccak256,276,baseline,1,43.152,579209,owner_state/diagnostics/20260911-full-restart/keccak256-276-baseline-01.txt,5beb4144e676c2e33af50635c1ccf72d8a16bb9c54de6f304d6c37162b4735a5
keccak256-276-baseline,keccak256,276,baseline,2,45.07,579209,owner_state/diagnostics/20260911-full-restart/keccak256-276-baseline-02.txt,34f4a9bb24402b0132130041160bd8af62d52559d541a959ae9b5c3cc212e18e
keccak256-276-baseline,keccak256,276,baseline,3,45.245,579209,owner_state/diagnostics/20260911-full-restart/keccak256-276-baseline-03.txt,4a739daaa140eddcec83de9bbc8484f61643408539875b967f107a8850ff535f
keccak256-276-baseline,keccak256,276,baseline,4,42.986,579209,owner_state/diagnostics/20260911-full-restart/keccak256-276-baseline-04.txt,fb2079fb7ae7f4e4cec0192b958d78512aac09a80c65401da98d7fdd0a73908c
keccak256-276-baseline,keccak256,276,baseline,5,42.263,579209,owner_state/diagnostics/20260911-full-restart/keccak256-276-baseline-05.txt,4f12e48984de1bbfe9d48138ce5affc3c6941a112a81527aca71066bd21c043e
keccak256-276-baseline,keccak256,276,baseline,6,43.906,579209,owner_state/diagnostics/20260911-full-restart/keccak256-276-baseline-06.txt,88f02ca15dfc54be05d6d1af94067fd634bbf17f66cb9af9e7499a0e890d123f
keccak256-276-baseline,keccak256,276,baseline,7,43.288,579209,owner_state/diagnostics/20260911-full-restart/keccak256-276-baseline-07.txt,2dac4e1c1e6fea8002d264ae8adeddc71d323c2e4a62be2b087e4d2aab840496
keccak256-276-baseline,keccak256,276,baseline,8,42.851,579209,owner_state/diagnostics/20260911-full-restart/keccak256-276-baseline-08.txt,77b99c0e609ab2102e43083e0791db651b9151abeb40414ce0feeccbe6d54ab1
keccak256-276-cse_dce,keccak256,276,cse_dce,1,42.252,573705,owner_state/diagnostics/20260911-full-restart/keccak256-276-cse_dce-01.txt,19ba799d8be7b0f6906c1237167f9f52d2c6648a7ccb65111b1e8f9fef7c05c7
keccak256-276-cse_dce,keccak256,276,cse_dce,2,42.544,573705,owner_state/diagnostics/20260911-full-restart/keccak256-276-cse_dce-02.txt,6386a75fef8151e188bf87f3aa7616d21ae7b3bc83c404001aa0bd34015a3c6e
keccak256-276-cse_dce,keccak256,276,cse_dce,3,44.85,573705,owner_state/diagnostics/20260911-full-restart/keccak256-276-cse_dce-03.txt,cd8f98ab7635e5f8929aba4a7264698845f6c325abcf35c087e6d7efa86682ca
keccak256-276-cse_dce,keccak256,276,cse_dce,4,42.531,573705,owner_state/diagnostics/20260911-full-restart/keccak256-276-cse_dce-04.txt,debb21a19907d288c4c0491e27d62c3c49e2d42832f1a04371d4e4d80ff2580f
keccak256-276-cse_dce,keccak256,276,cse_dce,5,42.309,573705,owner_state/diagnostics/20260911-full-restart/keccak256-276-cse_dce-05.txt,0abdb724f1ee70a3fa11ab300a3bd9410687ae63ed70a9e05848d2935ddb38bd
keccak256-276-cse_dce,keccak256,276,cse_dce,6,42.87,573705,owner_state/diagnostics/20260911-full-restart/keccak256-276-cse_dce-06.txt,c2063066c917c929ab985b017ec58cd91bf7009249b444580032d990c64594cc
keccak256-276-cse_dce,keccak256,276,cse_dce,7,45.316,573705,owner_state/diagnostics/20260911-full-restart/keccak256-276-cse_dce-07.txt,fe30dd16a7164dced804f7a501486dba99a00fb6424c410adcddb1b47f4f29c3
keccak256-276-cse_dce,keccak256,276,cse_dce,8,43.56,573705,owner_state/diagnostics/20260911-full-restart/keccak256-276-cse_dce-08.txt,4e562ed0ba06ab2eaddba6a5ec7a757f2cfb7d04bd18810182fc776fd043321f
keccak256-500-baseline,keccak256,500,baseline,1,47.447,774879,owner_state/diagnostics/20260911-full-restart/keccak256-500-baseline-01.txt,dfd9ae4804ecc7e6ec5b84765bdda10d5fff98e76a948d5c33b594abf422301e
keccak256-500-baseline,keccak256,500,baseline,2,48.122,774879,owner_state/diagnostics/20260911-full-restart/keccak256-500-baseline-02.txt,fdf40962d03183063bb311125b086ea7d243cba2f6f5dbd24e3fee65e5254802
keccak256-500-baseline,keccak256,500,baseline,3,49.594,774879,owner_state/diagnostics/20260911-full-restart/keccak256-500-baseline-03.txt,d987a1a3d8fff59786abcbdc9a4564101e9b9d7274f9e5c63cd15c59a1d6b0d4
keccak256-500-baseline,keccak256,500,baseline,4,47.604,774879,owner_state/diagnostics/20260911-full-restart/keccak256-500-baseline-04.txt,7706ba66f4f48498537cad1ccef9e97f200b275d55c4d664c6505345865c6855
keccak256-500-baseline,keccak256,500,baseline,5,47.154,774879,owner_state/diagnostics/20260911-full-restart/keccak256-500-baseline-05.txt,b312dc21bea5836c7bb33c7bd3390ab64c977b0740884bffcac8585c45ad419e
keccak256-500-baseline,keccak256,500,baseline,6,48.166,774879,owner_state/diagnostics/20260911-full-restart/keccak256-500-baseline-06.txt,69b5a2cf1a24adc2fcbe3d03c2d7d05713a1657e9b5074c04c3f26f9680f5030
keccak256-500-baseline,keccak256,500,baseline,7,48.6,774879,owner_state/diagnostics/20260911-full-restart/keccak256-500-baseline-07.txt,5fb0837f26593b04a2f1326a94ac1c494f048bf7e5614609543cbff606f77ada
keccak256-500-baseline,keccak256,500,baseline,8,48.415,774879,owner_state/diagnostics/20260911-full-restart/keccak256-500-baseline-08.txt,6192a775790b9bff89983081d1d8139d6a58c57b6c043f4a91d3c6f74180adec
keccak256-500-cse_dce,keccak256,500,cse_dce,1,46.92,769375,owner_state/diagnostics/20260911-full-restart/keccak256-500-cse_dce-01.txt,8ce8ac1dfea9cce95aa18a99816ce6900c48630fab19c25dbe234bf222279e6b
keccak256-500-cse_dce,keccak256,500,cse_dce,2,47.498,769375,owner_state/diagnostics/20260911-full-restart/keccak256-500-cse_dce-02.txt,f4d0dbe482c9b3b79db3abb3ffc7cd3ee9c2a88f96e359c498a056236cf13317
keccak256-500-cse_dce,keccak256,500,cse_dce,3,49.338,769375,owner_state/diagnostics/20260911-full-restart/keccak256-500-cse_dce-03.txt,c45c5e5637aa233644f89cf9eee43795b6639a07e8a51ef0686c9ae6bc4df464
keccak256-500-cse_dce,keccak256,500,cse_dce,4,46.874,769375,owner_state/diagnostics/20260911-full-restart/keccak256-500-cse_dce-04.txt,70cacd085d9773434ff73e6c151387b70991bec6a2a1aed8997d9ff6f661cc07
keccak256-500-cse_dce,keccak256,500,cse_dce,5,47.769,769375,owner_state/diagnostics/20260911-full-restart/keccak256-500-cse_dce-05.txt,55b73eaa8f54a402dccda7163762570d1a7478e528ec4059f0f4c04806735662
keccak256-500-cse_dce,keccak256,500,cse_dce,6,47.941,769375,owner_state/diagnostics/20260911-full-restart/keccak256-500-cse_dce-06.txt,69d097dcf0e7fa20324132dfd4c80c5e7b9c4fd978931906c797f68e1f8dca31
keccak256-500-cse_dce,keccak256,500,cse_dce,7,47.643,769375,owner_state/diagnostics/20260911-full-restart/keccak256-500-cse_dce-07.txt,4a33ff6525af5566ed8fb2183679b35579618e8b4cdad0d8ed1758efa2458ebe
keccak256-500-cse_dce,keccak256,500,cse_dce,8,48.407,769375,owner_state/diagnostics/20260911-full-restart/keccak256-500-cse_dce-08.txt,3c6856532a21d3e5adc2125accdc54c60adf780d60d88f8720eb8491c868582b
keccak256-532-baseline,keccak256,532,baseline,1,47.316,775391,owner_state/diagnostics/20260911-full-restart/keccak256-532-baseline-01.txt,8daf7b8eaaafc2cb7506bc74cb6bc9b1d158a6d2c104c4c3cd71fba394f970f8
keccak256-532-baseline,keccak256,532,baseline,2,48.782,775391,owner_state/diagnostics/20260911-full-restart/keccak256-532-baseline-02.txt,2cbf015fda280ccca5dfe80329123d36e94a37f029a2c1afc11ad550255cf88a
keccak256-532-baseline,keccak256,532,baseline,3,48.839,775391,owner_state/diagnostics/20260911-full-restart/keccak256-532-baseline-03.txt,1adbb9fe510e02928372bb59ac88ca456b41ea426cddd88311afa1213813cd50
keccak256-532-baseline,keccak256,532,baseline,4,47.529,775391,owner_state/diagnostics/20260911-full-restart/keccak256-532-baseline-04.txt,4900acbc39d9e5ad0bfe59f8c1fe82d99b2ef3b6c462c059b5f2730bfcbf6752
keccak256-532-baseline,keccak256,532,baseline,5,46.832,775391,owner_state/diagnostics/20260911-full-restart/keccak256-532-baseline-05.txt,9f9ea0d5e9f9fe655aae6710503a05a66ce2276d8df081bc6b1b89fab2f9b071
keccak256-532-baseline,keccak256,532,baseline,6,49.154,775391,owner_state/diagnostics/20260911-full-restart/keccak256-532-baseline-06.txt,b884143d86132418f43972be3038de5ef91804c7caab40652c786f11662a9e39
keccak256-532-baseline,keccak256,532,baseline,7,47.758,775391,owner_state/diagnostics/20260911-full-restart/keccak256-532-baseline-07.txt,a02f5b1843043f563795012c4a31acb15bf0db15c86a4b3b2b69ce8f347f0a07
keccak256-532-baseline,keccak256,532,baseline,8,49.146,775391,owner_state/diagnostics/20260911-full-restart/keccak256-532-baseline-08.txt,f6dd22fcceb41ef188d0b833792e22045cf9ed065172a4dc54ea1d3a8d4fe6df
keccak256-532-cse_dce,keccak256,532,cse_dce,1,47.06,769887,owner_state/diagnostics/20260911-full-restart/keccak256-532-cse_dce-01.txt,599f591b98a46665c7518b05c15106233afa975ff60e125ce345f734b67fb4ea
keccak256-532-cse_dce,keccak256,532,cse_dce,2,48.121,769887,owner_state/diagnostics/20260911-full-restart/keccak256-532-cse_dce-02.txt,c7b6d53eacaa4060da435609ffd405539a38028f5bf9ceefa4242ed98d17799c
keccak256-532-cse_dce,keccak256,532,cse_dce,3,49.168,769887,owner_state/diagnostics/20260911-full-restart/keccak256-532-cse_dce-03.txt,4d4addb7007685ea9bd4376f9b8dd2b1b5a7ac1ef3e0c3fb4c2f2d071e03ba9c
keccak256-532-cse_dce,keccak256,532,cse_dce,4,49.179,769887,owner_state/diagnostics/20260911-full-restart/keccak256-532-cse_dce-04.txt,12b57043fd9127e929f1eaed1f46597e7e6f1432ca76b51f9d249c499ddf818c
keccak256-532-cse_dce,keccak256,532,cse_dce,5,47.81,769887,owner_state/diagnostics/20260911-full-restart/keccak256-532-cse_dce-05.txt,23dec45d53987cb302ea189a840551c3e573c58cb89d23949899815eeaa71f9a
keccak256-532-cse_dce,keccak256,532,cse_dce,6,49.176,769887,owner_state/diagnostics/20260911-full-restart/keccak256-532-cse_dce-06.txt,705d7ea7cfcd27a290ed068672a5e90cdfc9aef3d193b50f00992347b1112421
keccak256-532-cse_dce,keccak256,532,cse_dce,7,48.071,769887,owner_state/diagnostics/20260911-full-restart/keccak256-532-cse_dce-07.txt,ec0e53176f3cb9ebb5c2a78c68edcb40ea56a5adfbbdebed65d10450a636c3d2
keccak256-532-cse_dce,keccak256,532,cse_dce,8,49.445,769887,owner_state/diagnostics/20260911-full-restart/keccak256-532-cse_dce-08.txt,d96e4a481fc9af5bb852235ecedf7eb664fc5fe771a5ea4c98c9aaa99f817a9d
keccak256-634-baseline,keccak256,634,baseline,1,50.898,969109,owner_state/diagnostics/20260911-full-restart/keccak256-634-baseline-01.txt,550d2e05b933a6863ad4b3eb1d21f0b72c667377f5c9b8afdba130ec4d5d9d3a
keccak256-634-baseline,keccak256,634,baseline,2,52.717,969109,owner_state/diagnostics/20260911-full-restart/keccak256-634-baseline-02.txt,dfe6ec6cb5af0afb5d08fda9e6736b71871fbb4c829d262bd90df849e0de6eab
keccak256-634-baseline,keccak256,634,baseline,3,52.009,969109,owner_state/diagnostics/20260911-full-restart/keccak256-634-baseline-03.txt,e7989f35ff795145564fd833595ba149be6fcfd77e175e474ede6b7b44ff3463
keccak256-634-baseline,keccak256,634,baseline,4,52.714,969109,owner_state/diagnostics/20260911-full-restart/keccak256-634-baseline-04.txt,0aaf7d998bc3bb4c35eb31382d49a97ff1359d3069226d51209b83ea178cc63c
keccak256-634-baseline,keccak256,634,baseline,5,49.372,969109,owner_state/diagnostics/20260911-full-restart/keccak256-634-baseline-05.txt,db7f98537f4a5629f1d74005174da9e74770025d25f6352ff4acff45f80518de
keccak256-634-baseline,keccak256,634,baseline,6,53.012,969109,owner_state/diagnostics/20260911-full-restart/keccak256-634-baseline-06.txt,e57ead4d8dfb6d1acdc28d3ab3b6ae3ac36f523a3ce0bc6f95acf478aadeec8f
keccak256-634-baseline,keccak256,634,baseline,7,51.495,969109,owner_state/diagnostics/20260911-full-restart/keccak256-634-baseline-07.txt,ad619be5e93d9c91c9082f859c1aa6c126f19015d52d862fbfedf48f3806f085
keccak256-634-baseline,keccak256,634,baseline,8,51.021,969109,owner_state/diagnostics/20260911-full-restart/keccak256-634-baseline-08.txt,b9bfc48461c67c043f56d8783d2bd4044a2285f058b4284cd60795bf1a9e3ded
keccak256-634-cse_dce,keccak256,634,cse_dce,1,50.796,963605,owner_state/diagnostics/20260911-full-restart/keccak256-634-cse_dce-01.txt,34d4877443111ccd84d0f04ce051c3f3fcaf8449e8c446f3437c77af38b09d8b
keccak256-634-cse_dce,keccak256,634,cse_dce,2,51.84,963605,owner_state/diagnostics/20260911-full-restart/keccak256-634-cse_dce-02.txt,0cd67dedb0df21e2c4a7c47852c72073b19805fc4ab276c884a948096f691f7f
keccak256-634-cse_dce,keccak256,634,cse_dce,3,55.822,963605,owner_state/diagnostics/20260911-full-restart/keccak256-634-cse_dce-03.txt,dd55273b4e9045ec61fdca235fca1e4d837768109cdfed4a54f998200f5dcc3e
keccak256-634-cse_dce,keccak256,634,cse_dce,4,53.31,963605,owner_state/diagnostics/20260911-full-restart/keccak256-634-cse_dce-04.txt,563c45c13c5bb82cd3b5e5dc5a9385a6339f988f9e28cd5ba5e5a5c4a2da2c6e
keccak256-634-cse_dce,keccak256,634,cse_dce,5,51.523,963605,owner_state/diagnostics/20260911-full-restart/keccak256-634-cse_dce-05.txt,73bb59528aa4f39a4e0bb1c2024695f629096cfb877b7769b9fcbc5d913bccaa
keccak256-634-cse_dce,keccak256,634,cse_dce,6,53.177,963605,owner_state/diagnostics/20260911-full-restart/keccak256-634-cse_dce-06.txt,e66727ed4538e36efa5b8005e2cde705dee9093a897def0f36d794e1c0899fb1
keccak256-634-cse_dce,keccak256,634,cse_dce,7,51.696,963605,owner_state/diagnostics/20260911-full-restart/keccak256-634-cse_dce-07.txt,46166e5ac3a8f5e3b9acaa8ee7bd3197201e3d8b8171d8a1142967e6659fa19d
keccak256-634-cse_dce,keccak256,634,cse_dce,8,52.1,963605,owner_state/diagnostics/20260911-full-restart/keccak256-634-cse_dce-08.txt,f3a8ac1c8411a27da86c3653511ca108b9443334c1d3fca9e28aed260ce2b061
sha256-64-baseline,sha256,64,baseline,1,11.53,197733,owner_state/diagnostics/20260911-full-restart/sha256-64-baseline-01.txt,c0a8fb4f196f287533b7c8aa5a1a146ec6d750cda904f22a7ae27e45d5b8a210
sha256-64-baseline,sha256,64,baseline,2,11.722,197733,owner_state/diagnostics/20260911-full-restart/sha256-64-baseline-02.txt,e9055d9e16cba6370c32828b3f2800c72b0c6ae50fee9f6ef8f470bb75011aef
sha256-64-baseline,sha256,64,baseline,3,11.867,197733,owner_state/diagnostics/20260911-full-restart/sha256-64-baseline-03.txt,8c5b41bb7ed00998f766190e520619453d719c9e944b43de0cd6ff40d87cf236
sha256-64-baseline,sha256,64,baseline,4,12.011,197733,owner_state/diagnostics/20260911-full-restart/sha256-64-baseline-04.txt,97846132a3d97676bece26ef0b02e4824e64f0eccb0a0de127595ce1e1f5cf78
sha256-64-baseline,sha256,64,baseline,5,11.324,197733,owner_state/diagnostics/20260911-full-restart/sha256-64-baseline-05.txt,1f9181b535ee665656ae82a0a6f2aa642d4e1e96bbe76b23531eeef0ca8c4b1c
sha256-64-baseline,sha256,64,baseline,6,11.53,197733,owner_state/diagnostics/20260911-full-restart/sha256-64-baseline-06.txt,8c8827736885b8da36af41a1c547f69ea4fa70a08b595624ddceca0885b972b6
sha256-64-baseline,sha256,64,baseline,7,11.574,197733,owner_state/diagnostics/20260911-full-restart/sha256-64-baseline-07.txt,359de7ee6b2cbb463a53a666aec0328d47e811bb2ab0fdd39fc3c9c49a4f3925
sha256-64-baseline,sha256,64,baseline,8,11.481,197733,owner_state/diagnostics/20260911-full-restart/sha256-64-baseline-08.txt,5cd5418a91e5a0c4cc313e98e12dd6575f082dde02c073bba7a86ccdf5e7ce5f
sha256-64-cse_dce,sha256,64,cse_dce,1,11.633,197687,owner_state/diagnostics/20260911-full-restart/sha256-64-cse_dce-01.txt,1a1dbbdc43abdb165a6505b8aca2d852ef51066a284ad7d0f9e60c2bfb64a7a2
sha256-64-cse_dce,sha256,64,cse_dce,2,11.596,197687,owner_state/diagnostics/20260911-full-restart/sha256-64-cse_dce-02.txt,a62118a421dd2e5b878bb47da9db7a93fef3578494e405bdcac772aeaac9de0a
sha256-64-cse_dce,sha256,64,cse_dce,3,11.663,197687,owner_state/diagnostics/20260911-full-restart/sha256-64-cse_dce-03.txt,8bcf7009abb2e2c93fca9b16e879c34b7b86e94f72445c212a8a26b2b3c4493f
sha256-64-cse_dce,sha256,64,cse_dce,4,12.247,197687,owner_state/diagnostics/20260911-full-restart/sha256-64-cse_dce-04.txt,6135cc80f602cb5ee81796d1ce2578514c5b32d899e2b3b7cb2fc01fb9e6349e
sha256-64-cse_dce,sha256,64,cse_dce,5,11.305,197687,owner_state/diagnostics/20260911-full-restart/sha256-64-cse_dce-05.txt,299cb44365921cc7c10ce2cdc6654d888d40edced42c17c069a5d6c436191159
sha256-64-cse_dce,sha256,64,cse_dce,6,11.572,197687,owner_state/diagnostics/20260911-full-restart/sha256-64-cse_dce-06.txt,83b352459a2afa60aa85e43f56ebd9ba0101de804578e8e3f8409bbbd9d7a2f4
sha256-64-cse_dce,sha256,64,cse_dce,7,11.596,197687,owner_state/diagnostics/20260911-full-restart/sha256-64-cse_dce-07.txt,d037ca791b594cc21d4c66f20ea4087b81d54d8448004b276b8da748747506d8
sha256-64-cse_dce,sha256,64,cse_dce,8,11.282,197687,owner_state/diagnostics/20260911-full-restart/sha256-64-cse_dce-08.txt,20f2fc3f23a6eccff781ba2d278e43cf7bdcde355da43487fdae67e10b323c4e
sha256-64-hybrid,sha256,64,hybrid,1,11.897,197687,owner_state/diagnostics/20260911-full-restart/sha256-64-hybrid-01.txt,68a41b02db0f3d6ed39b1f9d1c0488d1ea688ebb45c20efba8648b1b6edb4c55
sha256-64-hybrid,sha256,64,hybrid,2,11.745,197687,owner_state/diagnostics/20260911-full-restart/sha256-64-hybrid-02.txt,18c597edc1dab9b19dbd93518be47248de8ab2826f64beff659da54e6bb763e2
sha256-64-hybrid,sha256,64,hybrid,3,11.874,197687,owner_state/diagnostics/20260911-full-restart/sha256-64-hybrid-03.txt,43b2a65bdd9d087dc98a165a2e47bba079aa802649210f299d207baa22a67d80
sha256-64-hybrid,sha256,64,hybrid,4,12.306,197687,owner_state/diagnostics/20260911-full-restart/sha256-64-hybrid-04.txt,9ed0fc09ed305bc6d20b1422190b73f1d8722f0365d7300ea95bedf86b9122ab
sha256-64-hybrid,sha256,64,hybrid,5,11.594,197687,owner_state/diagnostics/20260911-full-restart/sha256-64-hybrid-05.txt,e84cea5e2b861698537ad62c56eb6efdc513a7816ea04ad3c0133cb4d150981f
sha256-64-hybrid,sha256,64,hybrid,6,11.707,197687,owner_state/diagnostics/20260911-full-restart/sha256-64-hybrid-06.txt,62153cdcec32722df8012f4172a173126ce57d68c721562d4b2a7d82d81c9c11
sha256-64-hybrid,sha256,64,hybrid,7,11.665,197687,owner_state/diagnostics/20260911-full-restart/sha256-64-hybrid-07.txt,03df404d25f405c1079ed42932d24c47ce91bc2b02a3b91b2bd61dfe7dbed8e6
sha256-64-hybrid,sha256,64,hybrid,8,11.659,197687,owner_state/diagnostics/20260911-full-restart/sha256-64-hybrid-08.txt,c9ec043ec5d27e07937eb1712d8f4ad28ad94e90d5d9c49ae61a6fcd2b391e9f
