condition,variant,mode,kind,block,position,sequence,prove_s,verify_ms,assembly_ms,process_s,instructions,memory_cells,log_mem,xor,mul,committed_cells,proof_bytes,max_rss_bytes,peak_footprint_bytes,execution_s,witness_build_s,commitment_s,bus_s,constraints_s,opening_s,other_s,four_major_proving_stages_s,prove_after_execution_and_build_s,phase_execute_ms,phase_build_ms,phase_transcript_setup_ms,phase_commit_ms,phase_bus_ms,phase_constraints_ms,phase_claim_prep_ms,phase_reduction_ms,phase_pcs_open_ms,phase_finalize_ms,phase_internal_total_ms,phase_internal_residual_ms,phase_outer_prove_residual_ms,phase_outer_timer_resolution_ms,log,log_sha256
baseline/ssz,baseline,ssz,warmup,1,1,1,9.179849,488.977,1031.478,11.158313666,8575525,8569724,24,6663941,1911451,207621052,834016,36822450176,39987131432,0.8724995,0.791993291,1.75898,2.519545709,0.686508875,2.412443375,0.13787825,7.377477959,7.515356209,872.4995,791.993291,0.004292,1758.98,2519.545709,686.508875,0.038084,3.337375,2412.443375,0.026084,9045.405041,0.028456,134.443959,0.001,owner_state/results/collect-20260911T074413358669Z/001-warmup-01-baseline-ssz.log,27b57b39bf48af7dc64ac583680be1bbb8e479d4758b01fcfd0f8d2a3925ff80
cse_dce/ssz,cse_dce,ssz,warmup,1,2,2,7.466259,298.076,1024.153,9.14956904101,8482697,8476896,24,6592617,1889947,207621052,836384,44005588992,43994234560,0.841649708,0.801663209,1.806601666,2.106488583,0.461162416,1.285366334,0.163327084,5.659618999,5.822946083,841.649708,801.663209,0.004916,1806.601666,2106.488583,461.162416,0.029917,2.343084,1285.366334,0.00425,7305.3405,0.026417,160.9185,0.001,owner_state/results/collect-20260911T074413358669Z/002-warmup-01-cse_dce-ssz.log,e518b8b9c621fce495d992c1f8d196a32457b1fcabcf84c7f093ce8110c268e9
baseline/rlp,baseline,rlp,warmup,1,3,3,7.821582,342.408,1031.296,9.568997917,8560191,8554175,24,6797891,1762167,207621052,834080,44506660864,44825772264,0.849133,0.797800167,1.817187667,2.177395,0.465375667,1.535505125,0.179185374,5.995463459,6.174648833,849.133,797.800167,0.004459,1817.187667,2177.395,465.375667,0.025625,2.296625,1535.505125,0.008667,7644.756875,0.024873,176.825125,0.001,owner_state/results/collect-20260911T074413358669Z/003-warmup-01-baseline-rlp.log,0333dfe5cf67cb1683296b82d34c498b90da438c0097e3f1dffd893cbc4f6e07
cse_dce/direct,cse_dce,direct,warmup,1,4,4,6.878274,157.796,538.794,7.83101954201,7498510,7492965,23,5954835,1543542,182455228,834752,41414180864,41432446688,0.462823209,0.65125,1.8830935,2.029294416,0.494806375,1.199202667,0.157803833,5.606396958,5.764200791,462.823209,651.25,0.004625,1883.0935,2029.294416,494.806375,0.021084,2.430375,1199.202667,0.004791,6722.954292,0.02325,155.319708,0.001,owner_state/results/collect-20260911T074413358669Z/004-warmup-01-cse_dce-direct.log,54d78254020ed255549899992daa980b539fb3cf1239f21fad6ee599750eabce
baseline/direct,baseline,direct,warmup,1,5,5,6.982161,163.339,530.738,7.935227708,7591107,7585562,23,6025928,1565046,182455228,831168,41437839360,41456105184,0.469374333,0.649626375,1.897983,2.047309208,0.502108041,1.256120041,0.159640002,5.70352029,5.863160292,469.374333,649.626375,0.004375,1897.983,2047.309208,502.108041,0.023375,2.356375,1256.120041,0.004583,6824.92975,0.020044,157.23125,0.001,owner_state/results/collect-20260911T074413358669Z/005-warmup-01-baseline-direct.log,8dfaa3c1664b1a191ef1642b70b82d4a6236106a2ca1e6a4145437de6d152291
cse_dce/rlp,cse_dce,rlp,warmup,1,6,6,7.696473,322.418,1067.245,9.451472958,8462089,8456073,24,6722637,1739319,207621052,835712,44139331584,44159024856,0.86329525,0.789649583,1.898568667,2.218686125,0.4944655,1.272328792,0.159479083,5.884049084,6.043528167,863.29525,789.649583,0.00425,1898.568667,2218.686125,494.4655,0.024292,2.415625,1272.328792,0.00525,7539.4795,0.036166,156.9935,0.001,owner_state/results/collect-20260911T074413358669Z/006-warmup-01-cse_dce-rlp.log,9289a1b4405d449e364968f52de9469dd220e8181a7501538c990aabe8aa2f3c
baseline/rlp,baseline,rlp,measured,1,1,7,7.713904,321.475,1048.644,9.45275587501,8560191,8554175,24,6797891,1762167,207621052,834080,44168790016,44188434064,0.860230291,0.787857292,1.937101958,2.226844,0.486013041,1.257573625,0.158283793,5.907532624,6.065816417,860.230291,787.857292,0.004292,1937.101958,2226.844,486.013041,0.022,2.409083,1257.573625,0.005458,7558.088875,0.027835,155.815125,0.001,owner_state/results/collect-20260911T074413358669Z/007-measured-01-baseline-rlp.log,47e4ca08115d4e1fa76e0b4c6862d7a3be5c86c563dd08f2e0c09a0ec863ee2a
cse_dce/direct,cse_dce,direct,measured,1,2,8,7.052927,166.235,533.177,8.020425166,7498510,7492965,23,5954835,1543542,182455228,834752,41412657152,41430955792,0.468450458,0.647583292,1.923688459,2.070661334,0.506017583,1.27512375,0.161402124,5.775491126,5.93689325,468.450458,647.583292,0.004416,1923.688459,2070.661334,506.017583,0.01725,2.309958,1275.12375,0.00475,6893.895833,0.034583,159.031167,0.001,owner_state/results/collect-20260911T074413358669Z/008-measured-01-cse_dce-direct.log,47e5f7872d6ad3e0d3cec7e694e7e74fe32974d43afdff037c3e3edc7ef54451
cse_dce/rlp,cse_dce,rlp,measured,1,3,9,7.83015,322.709,1061.479,9.6014015,8462089,8456073,24,6722637,1739319,207621052,835712,44138315776,44158041864,0.873698542,0.802461541,1.951839583,2.222127167,0.500869208,1.318856417,0.160297542,5.993692375,6.153989917,873.698542,802.461541,0.00475,1951.839583,2222.127167,500.869208,0.022583,2.341833,1318.856417,0.007083,7672.272209,0.043502,157.877791,0.001,owner_state/results/collect-20260911T074413358669Z/009-measured-01-cse_dce-rlp.log,47132d2a4838925a4dddcae2780a60680e02d8bf763224e9d059307118b0d332
cse_dce/ssz,cse_dce,ssz,measured,1,4,10,8.294502,316.293,1046.316,10.019551542,8482697,8476896,24,6592617,1889947,207621052,836384,40095793152,40080569576,0.872905167,0.819826167,2.193537333,2.446228041,0.482314292,1.341959791,0.137731209,6.464039457,6.601770666,872.905167,819.826167,0.004875,2193.537333,2446.228041,482.314292,0.021916,2.262708,1341.959791,0.005792,8159.09175,0.025668,135.41025,0.001,owner_state/results/collect-20260911T074413358669Z/010-measured-01-cse_dce-ssz.log,2191ed42eadb0a718ba4fa22326b0c5671ee8eb7a0f318a2442b3dac58b20820
baseline/direct,baseline,direct,measured,1,5,11,7.505869,161.654,535.628,8.44784475,7591107,7585562,23,6025928,1565046,182455228,831168,38443008000,38429028048,0.472128541,0.657792584,2.123861834,2.309296375,0.496869417,1.269885625,0.176034624,6.199913251,6.375947875,472.128541,657.792584,0.004334,2123.861834,2309.296375,496.869417,0.02025,2.231334,1269.885625,0.005458,7332.138125,0.042373,173.730875,0.001,owner_state/results/collect-20260911T074413358669Z/011-measured-01-baseline-direct.log,ecbb6b9debcd7d4e3093670952b7d4d2e79918d2974570df14e339188577ebd3
baseline/ssz,baseline,ssz,measured,1,6,12,7.953993,316.507,1043.141,9.674638375,8575525,8569724,24,6663941,1911451,207621052,834016,40991277056,40976840320,0.863271791,0.785105333,2.04688575,2.361771333,0.461164583,1.323566041,0.112228169,6.193387707,6.305615876,863.271791,785.105333,0.005083,2046.88575,2361.771333,461.164583,0.025083,2.254083,1323.566041,0.0055,7844.080667,0.026087,109.912333,0.001,owner_state/results/collect-20260911T074413358669Z/012-measured-01-baseline-ssz.log,39139cc0e9b0fc34b6663a0da091c02664221c3405ca0c888c5f14e3e9db46b6
cse_dce/ssz,cse_dce,ssz,measured,2,1,13,7.998776,316.643,1045.717,9.728514833,8482697,8476896,24,6592617,1889947,207621052,836384,41176563712,41160750960,0.836855916,0.778776833,2.105906333,2.387726875,0.463220875,1.315338958,0.11095021,6.272193041,6.383143251,836.855916,778.776833,0.005416,2105.906333,2387.726875,463.220875,0.023792,2.4115,1315.338958,0.012708,7890.30025,0.021044,108.47575,0.001,owner_state/results/collect-20260911T074413358669Z/013-measured-02-cse_dce-ssz.log,792979bcb5a00bd9dbc1bb1ce4b760488eb84e1a6e6083e31eb4f57995f319cf
baseline/ssz,baseline,ssz,measured,2,2,14,8.090719,326.987,1052.452,9.833378458,8575525,8569724,24,6663941,1911451,207621052,834016,41123315712,41112549160,0.8896095,0.785373125,2.095350875,2.475082375,0.452453125,1.27888375,0.11396625,6.301770125,6.415736375,889.6095,785.373125,0.004833,2095.350875,2475.082375,452.453125,0.024541,2.378875,1278.88375,0.007083,7979.200208,0.032126,111.518792,0.001,owner_state/results/collect-20260911T074413358669Z/014-measured-02-baseline-ssz.log,990429c2d0a6ce2fd5ed7e86a00d35f1e67674c1e76e034af481f9877f7878c6
cse_dce/direct,cse_dce,direct,measured,2,3,15,7.653882,168.179,544.523,8.629788791,7498510,7492965,23,5954835,1543542,182455228,834752,38555369472,38541504328,0.468149542,0.668243833,2.271358125,2.412976834,0.464481667,1.276665041,0.092006958,6.425481667,6.517488625,468.149542,668.243833,0.004208,2271.358125,2412.976834,464.481667,0.021917,2.249291,1276.665041,0.004292,7564.188916,0.034166,89.693084,0.001,owner_state/results/collect-20260911T074413358669Z/015-measured-02-cse_dce-direct.log,afc57d1d4b5b660c77fccd1181ab97a1cfa77aa3e5c57b291c1ca2beb1ad2e0c
baseline/direct,baseline,direct,measured,2,4,16,7.574293,166.516,527.971,8.528104083,7591107,7585562,23,6025928,1565046,182455228,831168,38576439296,38563393328,0.464134833,0.680834958,2.277462125,2.343637625,0.436127291,1.272450417,0.099645751,6.329677458,6.429323209,464.134833,680.834958,0.004417,2277.462125,2343.637625,436.127291,0.024708,2.073208,1272.450417,0.005334,7476.775333,0.020417,97.517667,0.001,owner_state/results/collect-20260911T074413358669Z/016-measured-02-baseline-direct.log,b845bb079cc39aa0423bdc5db614a8b41467a17740b13fe3437ba89b17d10896
baseline/rlp,baseline,rlp,measured,2,5,17,8.054171,319.49,1051.781,9.80752395801,8560191,8554175,24,6797891,1762167,207621052,834080,41098280960,41082222448,0.8560405,0.800012333,2.065430167,2.487711417,0.460224542,1.261801459,0.122950582,6.275167585,6.398118167,856.0405,800.012333,0.004125,2065.430167,2487.711417,460.224542,0.0255,2.249542,1261.801459,0.007125,7933.543375,0.036665,120.627625,0.001,owner_state/results/collect-20260911T074413358669Z/017-measured-02-baseline-rlp.log,ee71c5cfea3a48601a118ecf4c2f2f3956cf346b5460b6b34b6993fdaabdcc41
cse_dce/rlp,cse_dce,rlp,measured,2,6,18,7.694334,294.577,1046.235,9.357795292,8462089,8456073,24,6722637,1739319,207621052,835712,41044754432,41032545920,0.779444792,0.800118583,1.988257917,2.279008541,0.491467583,1.19859425,0.157442334,5.957328291,6.114770625,779.444792,800.118583,0.00475,1988.257917,2279.008541,491.467583,0.018958,2.204083,1198.59425,0.0065,7539.151375,0.025418,155.182625,0.001,owner_state/results/collect-20260911T074413358669Z/018-measured-02-cse_dce-rlp.log,2ee774abce0560bbd246a654234f624f842c9d9a420bb554654bf67c5127e125
cse_dce/rlp,cse_dce,rlp,measured,3,1,19,7.749535,308.537,1047.36,9.423204709,8462089,8456073,24,6722637,1739319,207621052,835712,41025388544,41019438696,0.837090916,0.786650125,1.849103041,2.309042541,0.492661542,1.297340291,0.177646544,5.948147415,6.125793959,837.090916,786.650125,0.004625,1849.103041,2309.042541,492.661542,0.027167,2.317042,1297.340291,0.004,7574.264334,0.023044,175.270666,0.001,owner_state/results/collect-20260911T074413358669Z/019-measured-03-cse_dce-rlp.log,3f94c4a156fe28600ba3291147063b1d71d850612ae2a2002984d76b3f62fd0f
baseline/rlp,baseline,rlp,measured,3,2,20,7.790737,378.836,1026.039,9.551120166,8560191,8554175,24,6797891,1762167,207621052,834080,43039571968,44188778056,0.815993042,0.819992792,2.012555042,2.185708791,0.430788583,1.376697917,0.149000833,6.005750333,6.154751166,815.993042,819.992792,0.003875,2012.555042,2185.708791,430.788583,0.016291,2.307583,1376.697917,0.005875,7644.092,0.022209,146.645,0.001,owner_state/results/collect-20260911T074413358669Z/020-measured-03-baseline-rlp.log,d36caa716e6e23fc92abde238b04822962f6439c72f957c36ea420c46a000fa7
baseline/direct,baseline,direct,measured,3,3,21,6.564783,146.991,527.003,7.48427770799,7591107,7585562,23,6025928,1565046,182455228,831168,41439428608,41457678024,0.450034542,0.6375765,1.825876958,1.977386208,0.43234375,1.105517916,0.136047126,5.341124832,5.477171958,450.034542,637.5765,0.004167,1825.876958,1977.386208,432.34375,0.023083,2.207208,1105.517916,0.004167,6431.010208,0.035709,133.772792,0.001,owner_state/results/collect-20260911T074413358669Z/021-measured-03-baseline-direct.log,e548ade38423695640ae903cd0d0d95697817a047325aa2a84bab5ec762d306a
cse_dce/direct,cse_dce,direct,measured,3,4,22,6.748243,147.837,536.722,7.67382587501,7498510,7492965,23,5954835,1543542,182455228,834752,41414492160,41432790800,0.441523916,0.639635042,1.930743,1.988818792,0.4513245,1.160006667,0.136191083,5.530892959,5.667084042,441.523916,639.635042,0.004834,1930.743,1988.818792,451.3245,0.015625,2.115333,1160.006667,0.004625,6614.212708,0.020374,134.030292,0.001,owner_state/results/collect-20260911T074413358669Z/022-measured-03-cse_dce-direct.log,1dc931a80c753a3dfbed43b1d911b81fab594a575643e7dc7c39eff46cdff6b3
baseline/ssz,baseline,ssz,measured,3,5,23,7.702851,410.923,1034.074,9.543464791,8575525,8569724,24,6663941,1911451,207621052,834016,42920460288,44578193520,0.782144833,0.768367125,1.785175167,2.066434042,0.430886625,1.696447791,0.173395417,5.978943625,6.152339042,782.144833,768.367125,0.00425,1785.175167,2066.434042,430.886625,0.022708,2.154375,1696.447791,0.006375,7531.670334,0.027043,171.180666,0.001,owner_state/results/collect-20260911T074413358669Z/023-measured-03-baseline-ssz.log,3c67fb2bc90e245a421648066b09dfcf07ce17171547832e7fc3527d0d06dd44
cse_dce/ssz,cse_dce,ssz,measured,3,6,24,7.202292,303.105,1040.985,8.92362287499,8482697,8476896,24,6592617,1889947,207621052,836384,43731566592,43725258336,0.761903208,0.76687275,1.760542125,2.0449995,0.461917834,1.23895375,0.167102833,5.506413209,5.673516042,761.903208,766.87275,0.004375,1760.542125,2044.9995,461.917834,0.022208,2.111625,1238.95375,0.007167,7037.361083,0.026541,164.930917,0.001,owner_state/results/collect-20260911T074413358669Z/024-measured-03-cse_dce-ssz.log,906d1f2a49f9d5f19842c09893b9d74b34d21a929c5087db1196a50b6763da9d
baseline/ssz,baseline,ssz,measured,4,1,25,7.174664,291.833,1039.729,8.82502908399,8575525,8569724,24,6663941,1911451,207621052,834016,43532075008,43551702624,0.80957525,0.784772667,1.785405375,2.087081125,0.441582958,1.122302,0.143944625,5.436371458,5.580316083,809.57525,784.772667,0.00475,1785.405375,2087.081125,441.582958,0.026291,2.265042,1122.302,0.0035,7033.043334,0.024376,141.620666,0.001,owner_state/results/collect-20260911T074413358669Z/025-measured-04-baseline-ssz.log,a4e3bfd6467143c3015f50e38142324e890f6bf8136d03f0a5219378e38fcfab
baseline/direct,baseline,direct,measured,4,2,26,6.585381,149.96,525.718,7.49088912499,7591107,7585562,23,6025928,1565046,182455228,831168,41441837056,41460102880,0.457329125,0.6497055,1.835601917,1.9568175,0.41873775,1.140288625,0.126900583,5.351445792,5.478346375,457.329125,649.7055,0.004167,1835.601917,1956.8175,418.73775,0.021208,2.305792,1140.288625,0.004542,6460.835834,0.019708,124.545166,0.001,owner_state/results/collect-20260911T074413358669Z/026-measured-04-baseline-direct.log,8c2f52bd2f215fea5f80d8f0b1611c11cf0de24f609024f8896df7b3019a9158
cse_dce/ssz,cse_dce,ssz,measured,4,3,27,7.208883,293.774,1047.297,8.87612754099,8482697,8476896,24,6592617,1889947,207621052,836384,43429298176,43418156376,0.784855042,0.77110625,1.785339625,2.058673375,0.449619625,1.216214334,0.143074749,5.509846959,5.652921708,784.855042,771.10625,0.004375,1785.339625,2058.673375,449.619625,0.01725,2.196,1216.214334,0.004417,7068.055375,0.025082,140.827625,0.001,owner_state/results/collect-20260911T074413358669Z/027-measured-04-cse_dce-ssz.log,15be7174f366e0ce8fecdf8587759dd81c10b92cd45ef2209857716e99c45463
cse_dce/rlp,cse_dce,rlp,measured,4,4,28,7.088085,292.013,1032.427,8.72830649999,8462089,8456073,24,6722637,1739319,207621052,835712,43576557568,43565809032,0.766350333,0.767286042,1.759018333,2.058570417,0.4566405,1.145850792,0.134368583,5.420080042,5.554448625,766.350333,767.286042,0.005125,1759.018333,2058.570417,456.6405,0.022958,2.163,1145.850792,0.004208,6955.948958,0.03725,132.136042,0.001,owner_state/results/collect-20260911T074413358669Z/028-measured-04-cse_dce-rlp.log,f3acf7f7d43eb84e47cb28a6c3c1d3942f540f62e60051302c8286208f78c479
cse_dce/direct,cse_dce,direct,measured,4,5,29,6.491896,147.402,528.651,7.405370416,7498510,7492965,23,5954835,1543542,182455228,834752,41413296128,41431594768,0.430105666,0.646328916,1.817623542,1.935230209,0.434778917,1.101962167,0.125866583,5.289594835,5.415461418,430.105666,646.328916,0.004792,1817.623542,1935.230209,434.778917,0.017958,2.26425,1101.962167,0.003958,6368.342292,0.021917,123.553708,0.001,owner_state/results/collect-20260911T074413358669Z/029-measured-04-cse_dce-direct.log,8b34d4ca30d0b9137a238db55debfea9441001f00ae5069a17548a24fd9f85a2
baseline/rlp,baseline,rlp,measured,4,6,30,7.244005,306.304,1043.021,8.92363870899,8560191,8554175,24,6797891,1762167,207621052,834080,43503714304,43526946040,0.765352458,0.820324791,1.745455834,2.035465125,0.437179792,1.295509416,0.144717584,5.513610167,5.658327751,765.352458,820.324791,0.004208,1745.455834,2035.465125,437.179792,0.018458,2.115334,1295.509416,0.005042,7101.459834,0.029376,142.545166,0.001,owner_state/results/collect-20260911T074413358669Z/030-measured-04-baseline-rlp.log,34e8d9abe625cff0abdad7fbf842da11559dc2a5ad847d7b3db0bb1eead9d60c
cse_dce/direct,cse_dce,direct,measured,5,1,31,6.522062,148.31,525.804,7.43063679199,7498510,7492965,23,5954835,1543542,182455228,834752,41615507456,41633888136,0.437877,0.634983166,1.812348625,1.921212,0.458110042,1.130363875,0.127167292,5.322034542,5.449201834,437.877,634.983166,0.004292,1812.348625,1921.212,458.110042,0.02175,2.113292,1130.363875,0.004792,6397.071917,0.033083,124.990083,0.001,owner_state/results/collect-20260911T074413358669Z/031-measured-05-cse_dce-direct.log,6e2c1ec8b3512ea1b744889c82726cb8c42f7c91590a3b355e4523b6106fda7a
cse_dce/ssz,cse_dce,ssz,measured,5,2,32,7.107732,299.058,1031.165,8.758515166,8482697,8476896,24,6592617,1889947,207621052,836384,44130500608,44451610664,0.749534667,0.758999083,1.756278625,2.027871417,0.433512125,1.239351958,0.142184125,5.457014125,5.59919825,749.534667,758.999083,0.004458,1756.278625,2027.871417,433.512125,0.020958,2.090083,1239.351958,0.00525,6967.690042,0.021418,140.041958,0.001,owner_state/results/collect-20260911T074413358669Z/032-measured-05-cse_dce-ssz.log,a17d9082f44c3eee4b46e590161e9e037d7e19c34e2a84f52108dbc35df38b51
baseline/rlp,baseline,rlp,measured,5,3,33,7.154152,350.987,1024.933,8.84911120799,8560191,8554175,24,6797891,1762167,207621052,834080,44161220608,45088047576,0.744030667,0.795575959,1.754304584,2.05472725,0.385049875,1.297889583,0.122574082,5.491971292,5.614545374,744.030667,795.575959,0.003958,1754.304584,2054.72725,385.049875,0.032042,2.3805,1297.889583,0.012375,7034.028459,0.021666,120.123541,0.001,owner_state/results/collect-20260911T074413358669Z/033-measured-05-baseline-rlp.log,7f6cf956261fd7d306d608cf546b2733c6d1a831b5fbeb90314665227987cbc6
baseline/ssz,baseline,ssz,measured,5,4,34,7.045779,294.075,1037.918,8.69640154099,8575525,8569724,24,6663941,1911451,207621052,834016,44229378048,44224692120,0.755868583,0.749709125,1.769202667,2.036372,0.438677792,1.161302959,0.134645874,5.405555418,5.540201292,755.868583,749.709125,0.004417,1769.202667,2036.372,438.677792,0.030209,2.343584,1161.302959,0.006042,6913.539834,0.022456,132.239166,0.001,owner_state/results/collect-20260911T074413358669Z/034-measured-05-baseline-ssz.log,6e1597b7df642727b07fc89878491b19ed9718784a8b771fe8af676b87aea3da
cse_dce/rlp,cse_dce,rlp,measured,5,5,35,7.321875,339.063,1037.575,9.027123416,8462089,8456073,24,6722637,1739319,207621052,835712,44352307200,44734054632,0.76830325,0.78266375,1.748947166,2.049346292,0.401701083,1.42818775,0.142725709,5.628182291,5.770908,768.30325,782.66375,0.004125,1748.947166,2049.346292,401.701083,0.018,1.989292,1428.18775,0.018333,7181.202125,0.023084,140.672875,0.001,owner_state/results/collect-20260911T074413358669Z/035-measured-05-cse_dce-rlp.log,879280a4a40e80f7fa6b73ff474cfe7da4ad0896aa2ec7a08fd552f312935280
baseline/direct,baseline,direct,measured,5,6,36,6.351812,147.279,529.474,7.26214875,7591107,7585562,23,6025928,1565046,182455228,831168,39613612032,39609643520,0.44276875,0.637006792,1.756730791,1.892516417,0.448662375,1.073175875,0.100951,5.171085458,5.272036458,442.76875,637.006792,0.004042,1756.730791,1892.516417,448.662375,0.021375,2.34575,1073.175875,0.003625,6253.25575,0.019958,98.55625,0.001,owner_state/results/collect-20260911T074413358669Z/036-measured-05-baseline-direct.log,2601c257d3a24ced19a51fe1489c99119fb36eda719451f2fb7c627406870e3d
baseline/direct,baseline,direct,measured,6,1,37,6.389258,148.117,519.975,7.285983125,7591107,7585562,23,6025928,1565046,182455228,831168,39390117888,39381512584,0.436134208,0.635497542,1.742600125,1.901526584,0.452859375,1.127792625,0.092847541,5.224778709,5.31762625,436.134208,635.497542,0.004166,1742.600125,1901.526584,452.859375,0.022875,2.094542,1127.792625,0.004,6298.5595,0.023458,90.6985,0.001,owner_state/results/collect-20260911T074413358669Z/037-measured-06-baseline-direct.log,6f9f27c0f5f1c5efb708ebdd73db178348a8712a20070456989b5b24867236df
cse_dce/rlp,cse_dce,rlp,measured,6,2,38,7.038501,293.335,1032.855,8.676258833,8462089,8456073,24,6722637,1739319,207621052,835712,43509628928,43499093312,0.770284375,0.768703834,1.734292791,2.052041458,0.432719958,1.147766625,0.132691959,5.366820832,5.499512791,770.284375,768.703834,0.004333,1734.292791,2052.041458,432.719958,0.015208,2.225375,1147.766625,0.003875,6908.08125,0.023418,130.41975,0.001,owner_state/results/collect-20260911T074413358669Z/038-measured-06-cse_dce-rlp.log,993632b0572767168b5d9e380990c0b48242966f9ab054f064ab24ab370ee3de
baseline/ssz,baseline,ssz,measured,6,3,39,7.046695,290.405,1030.566,8.689293708,8575525,8569724,24,6663941,1911451,207621052,834016,44101451776,44101418808,0.762168333,0.757646084,1.724174875,2.036324375,0.434371167,1.194915625,0.137094541,5.389786042,5.526880583,762.168333,757.646084,0.004167,1724.174875,2036.324375,434.371167,0.036167,2.324042,1194.915625,0.00525,6912.005583,0.035498,134.689417,0.001,owner_state/results/collect-20260911T074413358669Z/039-measured-06-baseline-ssz.log,35a944c5f74d3eff2388e6e0a1239bb45874d5edfde81b5c07cbed1a542c7763
baseline/rlp,baseline,rlp,measured,6,4,40,7.324606,364.0,1029.293,9.049683458,8560191,8554175,24,6797891,1762167,207621052,834080,44490080256,44893454472,0.778924458,0.76016775,1.735659292,2.019320083,0.383858375,1.49940675,0.147269292,5.6382445,5.785513792,778.924458,760.16775,0.004459,1735.659292,2019.320083,383.858375,0.019166,2.14025,1499.40675,0.015625,7179.542125,0.025917,145.063875,0.001,owner_state/results/collect-20260911T074413358669Z/040-measured-06-baseline-rlp.log,ed5eea95ffd6f8e54741192f8eab742ddd7dea63f837e1fbda6120b3844a245c
cse_dce/ssz,cse_dce,ssz,measured,6,5,41,7.17477,292.628,1041.521,8.828789625,8482697,8476896,24,6592617,1889947,207621052,836384,44464832512,44777963824,0.773136084,0.763202,1.729789375,2.037067416,0.438748667,1.277306916,0.155519542,5.482912374,5.638431916,773.136084,763.202,0.004208,1729.789375,2037.067416,438.748667,0.031375,2.021208,1277.306916,0.00525,7021.346042,0.033543,153.423958,0.001,owner_state/results/collect-20260911T074413358669Z/041-measured-06-cse_dce-ssz.log,3ef86a6c4391946507d238c4e900d82ed75d82d628ffcac56c1812776a98261d
cse_dce/direct,cse_dce,direct,measured,6,6,42,6.315154,147.873,527.649,7.228374917,7498510,7492965,23,5954835,1543542,182455228,834752,40518287360,40518497440,0.430632833,0.633759875,1.736826416,1.903731375,0.438023416,1.070391083,0.101789002,5.14897229,5.250761292,430.632833,633.759875,0.004917,1736.826416,1903.731375,438.023416,0.02,2.124333,1070.391083,0.004625,6215.543333,0.02446,99.610667,0.001,owner_state/results/collect-20260911T074413358669Z/042-measured-06-cse_dce-direct.log,12a55132d590dced37824d875b477c2b58f264109be975045a78da5fcbd48088
cse_dce/rlp,cse_dce,rlp,measured,7,1,43,7.29811,329.106,1035.36,8.985857084,8462089,8456073,24,6722637,1739319,207621052,835712,44227985408,45177651912,0.774249375,0.777281833,1.754559209,2.033005959,0.425306209,1.379777375,0.15393004,5.592648752,5.746578792,774.249375,777.281833,0.004667,1754.559209,2033.005959,425.306209,0.023458,2.32075,1379.777375,0.005209,7146.559334,0.02529,151.550666,0.001,owner_state/results/collect-20260911T074413358669Z/043-measured-07-cse_dce-rlp.log,311288c27fcc1e07e2c7bd058058af62d4d05c8f21467f22f919130dea1796ae
baseline/rlp,baseline,rlp,measured,7,2,44,7.192886,322.023,1036.64,8.849481625,8560191,8554175,24,6797891,1762167,207621052,834080,44454395904,44774359224,0.765734625,0.759970625,1.749740875,2.0309695,0.42992275,1.305241875,0.15130575,5.515875,5.66718075,765.734625,759.970625,0.004167,1749.740875,2030.9695,429.92275,0.0215,2.180917,1305.241875,0.0065,7043.818291,0.024957,149.067709,0.001,owner_state/results/collect-20260911T074413358669Z/044-measured-07-baseline-rlp.log,50b17948a830f0802061a44d35ce948516047b3cde985013b2d7e5bace0d4953
baseline/direct,baseline,direct,measured,7,3,45,6.509598,149.183,517.431,7.417462917,7591107,7585562,23,6025928,1565046,182455228,831168,39720861696,39709143624,0.435418208,0.638278916,1.749319458,1.915531583,0.463880375,1.202086084,0.105083376,5.3308175,5.435900876,435.418208,638.278916,0.004125,1749.319458,1915.531583,463.880375,0.018708,2.535208,1202.086084,0.004,6407.098041,0.021376,102.499959,0.001,owner_state/results/collect-20260911T074413358669Z/045-measured-07-baseline-direct.log,dda22fb7785a2b61dd7a790d0daccd54337a4b39eb16073158bb086b507f24b8
cse_dce/direct,cse_dce,direct,measured,7,4,46,6.354414,155.79,527.802,7.27166404201,7498510,7492965,23,5954835,1543542,182455228,834752,39621754880,39613805152,0.437414875,0.644510417,1.763647417,1.889170333,0.444670209,1.073397334,0.101603415,5.170885293,5.272488708,437.414875,644.510417,0.004792,1763.647417,1889.170333,444.670209,0.026041,2.535292,1073.397334,0.003625,6255.401292,0.020957,99.012708,0.001,owner_state/results/collect-20260911T074413358669Z/046-measured-07-cse_dce-direct.log,cdbfc69023ff5529b009f15bb540db072392441fe417df2743f5b95cf31b478c
baseline/ssz,baseline,ssz,measured,7,5,47,7.197196,294.675,1045.732,8.857671208,8575525,8569724,24,6663941,1911451,207621052,834016,43870175232,43878809400,0.78599275,0.774584917,1.7611695,2.056552041,0.431350833,1.24911325,0.138432709,5.498185624,5.636618333,785.99275,774.584917,0.004042,1761.1695,2056.552041,431.350833,0.019916,2.330042,1249.11325,0.005584,7061.144708,0.021833,136.051292,0.001,owner_state/results/collect-20260911T074413358669Z/047-measured-07-baseline-ssz.log,b88dc1bd5e28eb69808edc9681f8cee64dbe741a1fd41dff815cb05c3198a724
cse_dce/ssz,cse_dce,ssz,measured,7,6,48,7.026335,290.722,1046.505,8.67848487501,8482697,8476896,24,6592617,1889947,207621052,836384,43463524352,43460771112,0.777141917,0.793309709,1.7463825,2.029090083,0.422067542,1.131398792,0.126944457,5.328938917,5.455883374,777.141917,793.309709,0.004417,1746.3825,2029.090083,422.067542,0.024292,2.613459,1131.398792,0.006166,6902.064458,0.025581,124.270542,0.001,owner_state/results/collect-20260911T074413358669Z/048-measured-07-cse_dce-ssz.log,643fa793001ae9f42eb1d72a047b70a284d0cb88c2f81ef1cb4ce4de3ff1f212
cse_dce/direct,cse_dce,direct,measured,8,1,49,6.409786,149.328,527.107,7.32109312499,7498510,7492965,23,5954835,1543542,182455228,834752,39987904512,39984231368,0.430484791,0.633005459,1.762939333,1.913227875,0.430001875,1.126474791,0.113651876,5.232643874,5.34629575,430.484791,633.005459,0.00425,1762.939333,1913.227875,430.001875,0.019333,2.221583,1126.474791,0.00375,6298.419209,0.036169,111.366791,0.001,owner_state/results/collect-20260911T074413358669Z/049-measured-08-cse_dce-direct.log,f65072cc652e45e69fe74844dfb2363d8cfa63b76dc0aea32f7cc2b497079c58
cse_dce/ssz,cse_dce,ssz,measured,8,2,50,7.029181,291.728,1028.775,8.66536470799,8482697,8476896,24,6592617,1889947,207621052,836384,44209209344,44195889000,0.768710875,0.761445417,1.73445475,2.042519875,0.432898458,1.155834334,0.133317291,5.365707417,5.499024708,768.710875,761.445417,0.003917,1734.45475,2042.519875,432.898458,0.018209,2.133834,1155.834334,0.006042,6898.060334,0.034623,131.120666,0.001,owner_state/results/collect-20260911T074413358669Z/050-measured-08-cse_dce-ssz.log,3774c4fe289cbbe9da53c980c38c51bc8f180c1dbcd451c56e98cff35e9dadae
baseline/rlp,baseline,rlp,measured,8,3,51,7.477831,370.756,1033.911,9.23920033401,8560191,8554175,24,6797891,1762167,207621052,834080,44228460544,44893798512,0.784433666,0.76523875,1.758128916,2.054736792,0.402516833,1.567944375,0.144831668,5.783326916,5.928158584,784.433666,765.23875,0.004792,1758.128916,2054.736792,402.516833,0.019083,1.977042,1567.944375,0.018625,7335.0405,0.021626,142.7905,0.001,owner_state/results/collect-20260911T074413358669Z/051-measured-08-baseline-rlp.log,25963f8a09b472e5e5dc599c5678dcf7353ad92279fc52d7f9b7bfc3601a8fa5
baseline/ssz,baseline,ssz,measured,8,4,52,7.035176,297.611,1032.538,8.68749920801,8575525,8569724,24,6663941,1911451,207621052,834016,44046467072,44064653088,0.7740875,0.766451792,1.739830125,2.049816292,0.436519917,1.111584541,0.156885833,5.337750875,5.494636708,774.0875,766.451792,0.004625,1739.830125,2049.816292,436.519917,0.023541,2.181375,1111.584541,0.005625,6880.537875,0.032542,154.638125,0.001,owner_state/results/collect-20260911T074413358669Z/052-measured-08-baseline-ssz.log,92cc6d8bda7c8e5d69107f6e3f985766cc382cf9171e0930d8bb59e40ffe4880
cse_dce/rlp,cse_dce,rlp,measured,8,5,53,7.036411,292.532,1030.227,8.69145154201,8462089,8456073,24,6722637,1739319,207621052,835712,43510415360,43499322760,0.747140833,0.758032334,1.763921833,2.03997025,0.446083792,1.147492,0.133769958,5.397467875,5.531237833,747.140833,758.032334,0.004459,1763.921833,2039.97025,446.083792,0.020042,2.256375,1147.492,0.003916,6904.956917,0.031083,131.454083,0.001,owner_state/results/collect-20260911T074413358669Z/053-measured-08-cse_dce-rlp.log,f16a32092dcd55fd929c86a1beaec5d64dc3d7506096043e91cd006ae1136863
baseline/direct,baseline,direct,measured,8,6,54,6.448998,147.822,532.801,7.369798,7591107,7585562,23,6025928,1565046,182455228,831168,40711192576,40715334912,0.436382,0.652966334,1.736739708,1.916782792,0.425166416,1.169117667,0.111843083,5.247806583,5.359649666,436.382,652.966334,0.004292,1736.739708,1916.782792,425.166416,0.02225,2.3315,1169.117667,0.011625,6339.545084,0.0205,109.452916,0.001,owner_state/results/collect-20260911T074413358669Z/054-measured-08-baseline-direct.log,a49c8da0ed863e56d7c14d228f8c69f8ad65dc9fbe21e5eb06976451a8eb84fc
